,path,wikidata_id,label,is_train_val,kfold
0,/content/Instance_level_recognition/app/ml/data/imgs/Q11716842/image_0001.jpg,Q11716842,0,1.0,0.0
1,/content/Instance_level_recognition/app/ml/data/imgs/Q11716842/image_0002.jpg,Q11716842,0,1.0,0.0
2,/content/Instance_level_recognition/app/ml/data/imgs/Q11716842/image_0003.jpg,Q11716842,0,1.0,0.0
3,/content/Instance_level_recognition/app/ml/data/imgs/Q11716842/image_0004.jpg,Q11716842,0,1.0,0.0
4,/content/Instance_level_recognition/app/ml/data/imgs/Q11716842/image_0005.jpg,Q11716842,0,1.0,0.0
5,/content/Instance_level_recognition/app/ml/data/imgs/Q11716842/image_0007.jpg,Q11716842,0,1.0,0.0
6,/content/Instance_level_recognition/app/ml/data/imgs/Q11716842/image_0009.jpg,Q11716842,0,1.0,0.0
7,/content/Instance_level_recognition/app/ml/data/imgs/Q11716842/image_0011.jpg,Q11716842,0,1.0,0.0
8,/content/Instance_level_recognition/app/ml/data/imgs/Q11716842/image_0012.jpg,Q11716842,0,1.0,0.0
9,/content/Instance_level_recognition/app/ml/data/imgs/Q11716842/image_0013.jpg,Q11716842,0,1.0,0.0
10,/content/Instance_level_recognition/app/ml/data/imgs/Q11716842/image_0015.jpg,Q11716842,0,1.0,0.0
11,/content/Instance_level_recognition/app/ml/data/imgs/Q11716842/image_0017.jpg,Q11716842,0,1.0,0.0
12,/content/Instance_level_recognition/app/ml/data/imgs/Q11716842/image_0018.jpg,Q11716842,0,1.0,0.0
13,/content/Instance_level_recognition/app/ml/data/imgs/Q11716842/image_0019.jpg,Q11716842,0,1.0,0.0
14,/content/Instance_level_recognition/app/ml/data/imgs/Q11716842/image_0020.jpg,Q11716842,0,1.0,0.0
15,/content/Instance_level_recognition/app/ml/data/imgs/Q11716842/image_0021.jpg,Q11716842,0,1.0,0.0
16,/content/Instance_level_recognition/app/ml/data/imgs/Q11716842/image_0022.jpg,Q11716842,0,1.0,0.0
17,/content/Instance_level_recognition/app/ml/data/imgs/Q11716842/image_0024.jpg,Q11716842,0,1.0,0.0
18,/content/Instance_level_recognition/app/ml/data/imgs/Q11716842/image_0025.jpg,Q11716842,0,1.0,0.0
19,/content/Instance_level_recognition/app/ml/data/imgs/Q11716842/image_0028.jpg,Q11716842,0,1.0,0.0
20,/content/Instance_level_recognition/app/ml/data/imgs/Q11716842/image_0029.jpg,Q11716842,0,1.0,0.0
21,/content/Instance_level_recognition/app/ml/data/imgs/Q11716842/image_0030.jpg,Q11716842,0,1.0,0.0
22,/content/Instance_level_recognition/app/ml/data/imgs/Q11716842/image_0031.jpg,Q11716842,0,1.0,0.0
23,/content/Instance_level_recognition/app/ml/data/imgs/Q11716842/image_0032.jpg,Q11716842,0,1.0,0.0
24,/content/Instance_level_recognition/app/ml/data/imgs/Q11716842/image_0033.jpg,Q11716842,0,1.0,0.0
25,/content/Instance_level_recognition/app/ml/data/imgs/Q11716842/image_0034.jpg,Q11716842,0,1.0,0.0
26,/content/Instance_level_recognition/app/ml/data/imgs/Q11716842/image_0035.jpg,Q11716842,0,1.0,0.0
27,/content/Instance_level_recognition/app/ml/data/imgs/Q11716842/image_0038.jpg,Q11716842,0,1.0,0.0
28,/content/Instance_level_recognition/app/ml/data/imgs/Q11716842/image_0039.jpg,Q11716842,0,1.0,0.0
29,/content/Instance_level_recognition/app/ml/data/imgs/Q11716842/image_0040.jpg,Q11716842,0,1.0,0.0
30,/content/Instance_level_recognition/app/ml/data/imgs/Q11716842/image_0041.jpg,Q11716842,0,1.0,0.0
31,/content/Instance_level_recognition/app/ml/data/imgs/Q11716842/image_0042.jpg,Q11716842,0,1.0,0.0
32,/content/Instance_level_recognition/app/ml/data/imgs/Q11716842/image_0043.jpg,Q11716842,0,1.0,0.0
33,/content/Instance_level_recognition/app/ml/data/imgs/Q11716842/image_0044.jpg,Q11716842,0,1.0,0.0
34,/content/Instance_level_recognition/app/ml/data/imgs/Q11716842/image_0046.jpg,Q11716842,0,1.0,0.0
35,/content/Instance_level_recognition/app/ml/data/imgs/Q11716842/image_0047.jpg,Q11716842,0,1.0,0.0
36,/content/Instance_level_recognition/app/ml/data/imgs/Q11716842/image_0048.jpg,Q11716842,0,1.0,0.0
37,/content/Instance_level_recognition/app/ml/data/imgs/Q11716842/image_0050.jpg,Q11716842,0,1.0,0.0
38,/content/Instance_level_recognition/app/ml/data/imgs/Q11716842/image_0051.jpg,Q11716842,0,1.0,0.0
39,/content/Instance_level_recognition/app/ml/data/imgs/Q11716842/image_0052.jpg,Q11716842,0,1.0,0.0
40,/content/Instance_level_recognition/app/ml/data/imgs/Q11716842/image_0053.jpg,Q11716842,0,1.0,0.0
41,/content/Instance_level_recognition/app/ml/data/imgs/Q11716842/image_0055.jpg,Q11716842,0,1.0,0.0
42,/content/Instance_level_recognition/app/ml/data/imgs/Q11716842/image_0056.jpg,Q11716842,0,1.0,0.0
43,/content/Instance_level_recognition/app/ml/data/imgs/Q11716842/image_0058.jpg,Q11716842,0,1.0,0.0
44,/content/Instance_level_recognition/app/ml/data/imgs/Q11716842/image_0059.jpg,Q11716842,0,1.0,0.0
45,/content/Instance_level_recognition/app/ml/data/imgs/Q11716842/image_0062.jpg,Q11716842,0,1.0,0.0
46,/content/Instance_level_recognition/app/ml/data/imgs/Q11716842/image_0064.jpg,Q11716842,0,1.0,0.0
47,/content/Instance_level_recognition/app/ml/data/imgs/Q11716842/image_0065.jpg,Q11716842,0,1.0,0.0
48,/content/Instance_level_recognition/app/ml/data/imgs/Q11716842/image_0066.jpg,Q11716842,0,1.0,0.0
49,/content/Instance_level_recognition/app/ml/data/imgs/Q11716842/image_0067.jpg,Q11716842,0,1.0,1.0
50,/content/Instance_level_recognition/app/ml/data/imgs/Q11716842/image_0068.jpg,Q11716842,0,1.0,1.0
51,/content/Instance_level_recognition/app/ml/data/imgs/Q11716842/image_0069.jpg,Q11716842,0,1.0,1.0
52,/content/Instance_level_recognition/app/ml/data/imgs/Q11716842/image_0070.jpg,Q11716842,0,1.0,1.0
53,/content/Instance_level_recognition/app/ml/data/imgs/Q11716842/image_0072.jpg,Q11716842,0,1.0,1.0
54,/content/Instance_level_recognition/app/ml/data/imgs/Q11716842/image_0073.jpg,Q11716842,0,1.0,1.0
55,/content/Instance_level_recognition/app/ml/data/imgs/Q11716842/image_0074.jpg,Q11716842,0,1.0,1.0
56,/content/Instance_level_recognition/app/ml/data/imgs/Q11716842/image_0075.jpg,Q11716842,0,1.0,1.0
57,/content/Instance_level_recognition/app/ml/data/imgs/Q11716842/image_0076.jpg,Q11716842,0,1.0,1.0
58,/content/Instance_level_recognition/app/ml/data/imgs/Q11716842/image_0077.jpg,Q11716842,0,1.0,1.0
59,/content/Instance_level_recognition/app/ml/data/imgs/Q11716842/image_0078.jpg,Q11716842,0,1.0,1.0
60,/content/Instance_level_recognition/app/ml/data/imgs/Q11716842/image_0079.jpg,Q11716842,0,1.0,1.0
61,/content/Instance_level_recognition/app/ml/data/imgs/Q11716842/image_0080.jpg,Q11716842,0,1.0,1.0
62,/content/Instance_level_recognition/app/ml/data/imgs/Q11716842/image_0081.jpg,Q11716842,0,1.0,1.0
63,/content/Instance_level_recognition/app/ml/data/imgs/Q11716842/image_0082.jpg,Q11716842,0,1.0,1.0
64,/content/Instance_level_recognition/app/ml/data/imgs/Q11716842/image_0083.jpg,Q11716842,0,1.0,1.0
65,/content/Instance_level_recognition/app/ml/data/imgs/Q11716842/image_0086.jpg,Q11716842,0,1.0,1.0
66,/content/Instance_level_recognition/app/ml/data/imgs/Q11716842/image_0087.jpg,Q11716842,0,1.0,1.0
67,/content/Instance_level_recognition/app/ml/data/imgs/Q11716842/image_0088.jpg,Q11716842,0,1.0,1.0
68,/content/Instance_level_recognition/app/ml/data/imgs/Q11716842/image_0089.jpg,Q11716842,0,1.0,1.0
69,/content/Instance_level_recognition/app/ml/data/imgs/Q11716842/image_0090.jpg,Q11716842,0,1.0,1.0
70,/content/Instance_level_recognition/app/ml/data/imgs/Q11716842/image_0091.jpg,Q11716842,0,1.0,1.0
71,/content/Instance_level_recognition/app/ml/data/imgs/Q11716842/image_0092.jpg,Q11716842,0,1.0,1.0
72,/content/Instance_level_recognition/app/ml/data/imgs/Q11716842/image_0093.jpg,Q11716842,0,1.0,1.0
73,/content/Instance_level_recognition/app/ml/data/imgs/Q11716842/image_0094.jpg,Q11716842,0,1.0,1.0
74,/content/Instance_level_recognition/app/ml/data/imgs/Q11716842/image_0095.jpg,Q11716842,0,1.0,1.0
75,/content/Instance_level_recognition/app/ml/data/imgs/Q11716842/image_0096.jpg,Q11716842,0,1.0,1.0
76,/content/Instance_level_recognition/app/ml/data/imgs/Q11716842/image_0097.jpg,Q11716842,0,1.0,1.0
77,/content/Instance_level_recognition/app/ml/data/imgs/Q11716842/image_0098.jpg,Q11716842,0,1.0,1.0
78,/content/Instance_level_recognition/app/ml/data/imgs/Q11716842/image_0099.jpg,Q11716842,0,1.0,1.0
79,/content/Instance_level_recognition/app/ml/data/imgs/Q11716842/image_0100.jpg,Q11716842,0,1.0,1.0
80,/content/Instance_level_recognition/app/ml/data/imgs/Q11716842/image_0101.jpg,Q11716842,0,1.0,1.0
81,/content/Instance_level_recognition/app/ml/data/imgs/Q11716842/image_0102.jpg,Q11716842,0,1.0,1.0
82,/content/Instance_level_recognition/app/ml/data/imgs/Q11716842/image_0104.jpg,Q11716842,0,1.0,1.0
83,/content/Instance_level_recognition/app/ml/data/imgs/Q11716842/image_0105.jpg,Q11716842,0,1.0,1.0
84,/content/Instance_level_recognition/app/ml/data/imgs/Q11716842/image_0106.jpg,Q11716842,0,1.0,1.0
85,/content/Instance_level_recognition/app/ml/data/imgs/Q11716842/image_0108.jpg,Q11716842,0,1.0,1.0
86,/content/Instance_level_recognition/app/ml/data/imgs/Q11716842/image_0109.jpg,Q11716842,0,1.0,1.0
87,/content/Instance_level_recognition/app/ml/data/imgs/Q11716842/image_0110.jpg,Q11716842,0,1.0,1.0
88,/content/Instance_level_recognition/app/ml/data/imgs/Q11716842/image_0111.jpg,Q11716842,0,1.0,1.0
89,/content/Instance_level_recognition/app/ml/data/imgs/Q11716842/image_0113.jpg,Q11716842,0,1.0,1.0
90,/content/Instance_level_recognition/app/ml/data/imgs/Q11716842/image_0114.jpg,Q11716842,0,1.0,1.0
91,/content/Instance_level_recognition/app/ml/data/imgs/Q11716842/image_0116.jpg,Q11716842,0,1.0,1.0
92,/content/Instance_level_recognition/app/ml/data/imgs/Q11716842/image_0118.jpg,Q11716842,0,1.0,1.0
93,/content/Instance_level_recognition/app/ml/data/imgs/Q11716842/image_0119.jpg,Q11716842,0,1.0,1.0
94,/content/Instance_level_recognition/app/ml/data/imgs/Q11716842/image_0120.jpg,Q11716842,0,1.0,1.0
95,/content/Instance_level_recognition/app/ml/data/imgs/Q11716842/image_0121.jpg,Q11716842,0,1.0,1.0
96,/content/Instance_level_recognition/app/ml/data/imgs/Q11716842/image_0122.jpg,Q11716842,0,1.0,1.0
97,/content/Instance_level_recognition/app/ml/data/imgs/Q11716842/image_0123.jpg,Q11716842,0,1.0,1.0
98,/content/Instance_level_recognition/app/ml/data/imgs/Q11716842/image_0124.jpg,Q11716842,0,1.0,2.0
99,/content/Instance_level_recognition/app/ml/data/imgs/Q11716842/image_0126.jpg,Q11716842,0,1.0,2.0
100,/content/Instance_level_recognition/app/ml/data/imgs/Q11716842/image_0127.jpg,Q11716842,0,1.0,2.0
101,/content/Instance_level_recognition/app/ml/data/imgs/Q11716842/image_0128.jpg,Q11716842,0,1.0,2.0
102,/content/Instance_level_recognition/app/ml/data/imgs/Q11716842/image_0129.jpg,Q11716842,0,1.0,2.0
103,/content/Instance_level_recognition/app/ml/data/imgs/Q11716842/image_0130.jpg,Q11716842,0,1.0,2.0
104,/content/Instance_level_recognition/app/ml/data/imgs/Q11716842/image_0131.jpg,Q11716842,0,1.0,2.0
105,/content/Instance_level_recognition/app/ml/data/imgs/Q11716842/image_0132.jpg,Q11716842,0,1.0,2.0
106,/content/Instance_level_recognition/app/ml/data/imgs/Q11716842/image_0133.jpg,Q11716842,0,1.0,2.0
107,/content/Instance_level_recognition/app/ml/data/imgs/Q11716842/image_0136.jpg,Q11716842,0,1.0,2.0
108,/content/Instance_level_recognition/app/ml/data/imgs/Q11716842/image_0137.jpg,Q11716842,0,1.0,2.0
109,/content/Instance_level_recognition/app/ml/data/imgs/Q11716842/image_0138.jpg,Q11716842,0,1.0,2.0
110,/content/Instance_level_recognition/app/ml/data/imgs/Q11716842/image_0139.jpg,Q11716842,0,1.0,2.0
111,/content/Instance_level_recognition/app/ml/data/imgs/Q11716842/image_0140.jpg,Q11716842,0,1.0,2.0
112,/content/Instance_level_recognition/app/ml/data/imgs/Q11716842/image_0141.jpg,Q11716842,0,1.0,2.0
113,/content/Instance_level_recognition/app/ml/data/imgs/Q11716842/image_0142.jpg,Q11716842,0,1.0,2.0
114,/content/Instance_level_recognition/app/ml/data/imgs/Q11716842/image_0143.jpg,Q11716842,0,1.0,2.0
115,/content/Instance_level_recognition/app/ml/data/imgs/Q11716842/image_0145.jpg,Q11716842,0,1.0,2.0
116,/content/Instance_level_recognition/app/ml/data/imgs/Q11716842/image_0147.jpg,Q11716842,0,1.0,2.0
117,/content/Instance_level_recognition/app/ml/data/imgs/Q11716842/image_0148.jpg,Q11716842,0,1.0,2.0
118,/content/Instance_level_recognition/app/ml/data/imgs/Q11716842/image_0150.jpg,Q11716842,0,1.0,2.0
119,/content/Instance_level_recognition/app/ml/data/imgs/Q11716842/image_0152.jpg,Q11716842,0,1.0,2.0
120,/content/Instance_level_recognition/app/ml/data/imgs/Q11716842/image_0153.jpg,Q11716842,0,1.0,2.0
121,/content/Instance_level_recognition/app/ml/data/imgs/Q11716842/image_0154.jpg,Q11716842,0,1.0,2.0
122,/content/Instance_level_recognition/app/ml/data/imgs/Q11716842/image_0155.jpg,Q11716842,0,1.0,2.0
123,/content/Instance_level_recognition/app/ml/data/imgs/Q11716842/image_0157.jpg,Q11716842,0,1.0,2.0
124,/content/Instance_level_recognition/app/ml/data/imgs/Q11716842/image_0159.jpg,Q11716842,0,1.0,2.0
125,/content/Instance_level_recognition/app/ml/data/imgs/Q11716842/image_0160.jpg,Q11716842,0,1.0,2.0
126,/content/Instance_level_recognition/app/ml/data/imgs/Q11716842/image_0162.jpg,Q11716842,0,1.0,2.0
127,/content/Instance_level_recognition/app/ml/data/imgs/Q11716842/image_0164.jpg,Q11716842,0,1.0,2.0
128,/content/Instance_level_recognition/app/ml/data/imgs/Q11716842/image_0165.jpg,Q11716842,0,1.0,2.0
129,/content/Instance_level_recognition/app/ml/data/imgs/Q11716842/image_0166.jpg,Q11716842,0,1.0,2.0
130,/content/Instance_level_recognition/app/ml/data/imgs/Q11716842/image_0168.jpg,Q11716842,0,1.0,2.0
131,/content/Instance_level_recognition/app/ml/data/imgs/Q11716842/image_0169.jpg,Q11716842,0,1.0,2.0
132,/content/Instance_level_recognition/app/ml/data/imgs/Q11716842/image_0170.jpg,Q11716842,0,1.0,2.0
133,/content/Instance_level_recognition/app/ml/data/imgs/Q11716842/image_0171.jpg,Q11716842,0,1.0,2.0
134,/content/Instance_level_recognition/app/ml/data/imgs/Q11716842/image_0172.jpg,Q11716842,0,1.0,2.0
135,/content/Instance_level_recognition/app/ml/data/imgs/Q11716842/image_0173.jpg,Q11716842,0,1.0,2.0
136,/content/Instance_level_recognition/app/ml/data/imgs/Q11716842/image_0174.jpg,Q11716842,0,1.0,2.0
137,/content/Instance_level_recognition/app/ml/data/imgs/Q11716842/image_0175.jpg,Q11716842,0,1.0,2.0
138,/content/Instance_level_recognition/app/ml/data/imgs/Q11716842/image_0176.jpg,Q11716842,0,1.0,2.0
139,/content/Instance_level_recognition/app/ml/data/imgs/Q11716842/image_0177.jpg,Q11716842,0,1.0,2.0
140,/content/Instance_level_recognition/app/ml/data/imgs/Q11716842/image_0178.jpg,Q11716842,0,1.0,2.0
141,/content/Instance_level_recognition/app/ml/data/imgs/Q11716842/image_0180.jpg,Q11716842,0,1.0,2.0
142,/content/Instance_level_recognition/app/ml/data/imgs/Q11716842/image_0181.jpg,Q11716842,0,1.0,2.0
143,/content/Instance_level_recognition/app/ml/data/imgs/Q11716842/image_0182.jpg,Q11716842,0,1.0,2.0
144,/content/Instance_level_recognition/app/ml/data/imgs/Q11716842/image_0183.jpg,Q11716842,0,1.0,2.0
145,/content/Instance_level_recognition/app/ml/data/imgs/Q11716842/image_0184.jpg,Q11716842,0,1.0,2.0
146,/content/Instance_level_recognition/app/ml/data/imgs/Q11716842/image_0185.jpg,Q11716842,0,1.0,2.0
147,/content/Instance_level_recognition/app/ml/data/imgs/Q11716842/image_0186.jpg,Q11716842,0,1.0,3.0
148,/content/Instance_level_recognition/app/ml/data/imgs/Q11716842/image_0187.jpg,Q11716842,0,1.0,3.0
149,/content/Instance_level_recognition/app/ml/data/imgs/Q11716842/image_0189.jpg,Q11716842,0,1.0,3.0
150,/content/Instance_level_recognition/app/ml/data/imgs/Q11716842/image_0190.jpg,Q11716842,0,1.0,3.0
151,/content/Instance_level_recognition/app/ml/data/imgs/Q11716842/image_0192.jpg,Q11716842,0,1.0,3.0
152,/content/Instance_level_recognition/app/ml/data/imgs/Q11716842/image_0195.jpg,Q11716842,0,1.0,3.0
153,/content/Instance_level_recognition/app/ml/data/imgs/Q11716842/image_0196.jpg,Q11716842,0,1.0,3.0
154,/content/Instance_level_recognition/app/ml/data/imgs/Q11716842/image_0197.jpg,Q11716842,0,1.0,3.0
155,/content/Instance_level_recognition/app/ml/data/imgs/Q11716842/image_0200.jpg,Q11716842,0,1.0,3.0
156,/content/Instance_level_recognition/app/ml/data/imgs/Q11716842/image_0201.jpg,Q11716842,0,1.0,3.0
157,/content/Instance_level_recognition/app/ml/data/imgs/Q11716842/image_0202.jpg,Q11716842,0,1.0,3.0
158,/content/Instance_level_recognition/app/ml/data/imgs/Q11716842/image_0203.jpg,Q11716842,0,1.0,3.0
159,/content/Instance_level_recognition/app/ml/data/imgs/Q11716842/image_0204.jpg,Q11716842,0,1.0,3.0
160,/content/Instance_level_recognition/app/ml/data/imgs/Q11716842/image_0206.jpg,Q11716842,0,1.0,3.0
161,/content/Instance_level_recognition/app/ml/data/imgs/Q11716842/image_0207.jpg,Q11716842,0,1.0,3.0
162,/content/Instance_level_recognition/app/ml/data/imgs/Q11716842/image_0208.jpg,Q11716842,0,1.0,3.0
163,/content/Instance_level_recognition/app/ml/data/imgs/Q11716842/image_0209.jpg,Q11716842,0,1.0,3.0
164,/content/Instance_level_recognition/app/ml/data/imgs/Q11716842/image_0210.jpg,Q11716842,0,1.0,3.0
165,/content/Instance_level_recognition/app/ml/data/imgs/Q11716842/image_0212.jpg,Q11716842,0,1.0,3.0
166,/content/Instance_level_recognition/app/ml/data/imgs/Q11716842/image_0213.jpg,Q11716842,0,1.0,3.0
167,/content/Instance_level_recognition/app/ml/data/imgs/Q11716842/image_0214.jpg,Q11716842,0,1.0,3.0
168,/content/Instance_level_recognition/app/ml/data/imgs/Q11716842/image_0215.jpg,Q11716842,0,1.0,3.0
169,/content/Instance_level_recognition/app/ml/data/imgs/Q11716842/image_0216.jpg,Q11716842,0,1.0,3.0
170,/content/Instance_level_recognition/app/ml/data/imgs/Q11716842/image_0218.jpg,Q11716842,0,1.0,3.0
171,/content/Instance_level_recognition/app/ml/data/imgs/Q11716842/image_0219.jpg,Q11716842,0,1.0,3.0
172,/content/Instance_level_recognition/app/ml/data/imgs/Q11716842/image_0220.jpg,Q11716842,0,1.0,3.0
173,/content/Instance_level_recognition/app/ml/data/imgs/Q11716842/image_0221.jpg,Q11716842,0,1.0,3.0
174,/content/Instance_level_recognition/app/ml/data/imgs/Q11716842/image_0222.jpg,Q11716842,0,1.0,3.0
175,/content/Instance_level_recognition/app/ml/data/imgs/Q11716842/image_0224.jpg,Q11716842,0,1.0,3.0
176,/content/Instance_level_recognition/app/ml/data/imgs/Q11716842/image_0225.jpg,Q11716842,0,1.0,3.0
177,/content/Instance_level_recognition/app/ml/data/imgs/Q11716842/image_0226.jpg,Q11716842,0,1.0,3.0
178,/content/Instance_level_recognition/app/ml/data/imgs/Q11716842/image_0229.jpg,Q11716842,0,1.0,3.0
179,/content/Instance_level_recognition/app/ml/data/imgs/Q11716842/image_0230.jpg,Q11716842,0,1.0,3.0
180,/content/Instance_level_recognition/app/ml/data/imgs/Q11716842/image_0231.jpg,Q11716842,0,1.0,3.0
181,/content/Instance_level_recognition/app/ml/data/imgs/Q11716842/image_0232.jpg,Q11716842,0,1.0,3.0
182,/content/Instance_level_recognition/app/ml/data/imgs/Q11716842/image_0233.jpg,Q11716842,0,1.0,3.0
183,/content/Instance_level_recognition/app/ml/data/imgs/Q11716842/image_0234.jpg,Q11716842,0,1.0,3.0
184,/content/Instance_level_recognition/app/ml/data/imgs/Q11716842/image_0235.jpg,Q11716842,0,1.0,3.0
185,/content/Instance_level_recognition/app/ml/data/imgs/Q11716842/image_0236.jpg,Q11716842,0,1.0,3.0
186,/content/Instance_level_recognition/app/ml/data/imgs/Q11716842/image_0237.jpg,Q11716842,0,1.0,3.0
187,/content/Instance_level_recognition/app/ml/data/imgs/Q11716842/image_0238.jpg,Q11716842,0,1.0,3.0
188,/content/Instance_level_recognition/app/ml/data/imgs/Q11716842/image_0239.jpg,Q11716842,0,1.0,3.0
189,/content/Instance_level_recognition/app/ml/data/imgs/Q11716842/image_0241.jpg,Q11716842,0,1.0,3.0
190,/content/Instance_level_recognition/app/ml/data/imgs/Q11716842/image_0242.jpg,Q11716842,0,1.0,3.0
191,/content/Instance_level_recognition/app/ml/data/imgs/Q11716842/image_0244.jpg,Q11716842,0,1.0,3.0
192,/content/Instance_level_recognition/app/ml/data/imgs/Q11716842/image_0245.jpg,Q11716842,0,1.0,3.0
193,/content/Instance_level_recognition/app/ml/data/imgs/Q11716842/image_0246.jpg,Q11716842,0,1.0,3.0
194,/content/Instance_level_recognition/app/ml/data/imgs/Q11716842/image_0247.jpg,Q11716842,0,1.0,3.0
195,/content/Instance_level_recognition/app/ml/data/imgs/Q11716842/image_0248.jpg,Q11716842,0,1.0,4.0
196,/content/Instance_level_recognition/app/ml/data/imgs/Q11716842/image_0249.jpg,Q11716842,0,1.0,4.0
197,/content/Instance_level_recognition/app/ml/data/imgs/Q11716842/image_0250.jpg,Q11716842,0,1.0,4.0
198,/content/Instance_level_recognition/app/ml/data/imgs/Q11716842/image_0251.jpg,Q11716842,0,1.0,4.0
199,/content/Instance_level_recognition/app/ml/data/imgs/Q11716842/image_0253.jpg,Q11716842,0,1.0,4.0
200,/content/Instance_level_recognition/app/ml/data/imgs/Q11716842/image_0254.jpg,Q11716842,0,1.0,4.0
201,/content/Instance_level_recognition/app/ml/data/imgs/Q11716842/image_0255.jpg,Q11716842,0,1.0,4.0
202,/content/Instance_level_recognition/app/ml/data/imgs/Q11716842/image_0256.jpg,Q11716842,0,1.0,4.0
203,/content/Instance_level_recognition/app/ml/data/imgs/Q11716842/image_0257.jpg,Q11716842,0,1.0,4.0
204,/content/Instance_level_recognition/app/ml/data/imgs/Q11716842/image_0258.jpg,Q11716842,0,1.0,4.0
205,/content/Instance_level_recognition/app/ml/data/imgs/Q11716842/image_0259.jpg,Q11716842,0,1.0,4.0
206,/content/Instance_level_recognition/app/ml/data/imgs/Q11716842/image_0260.jpg,Q11716842,0,1.0,4.0
207,/content/Instance_level_recognition/app/ml/data/imgs/Q11716842/image_0261.jpg,Q11716842,0,1.0,4.0
208,/content/Instance_level_recognition/app/ml/data/imgs/Q11716842/image_0262.jpg,Q11716842,0,1.0,4.0
209,/content/Instance_level_recognition/app/ml/data/imgs/Q11716842/image_0263.jpg,Q11716842,0,1.0,4.0
210,/content/Instance_level_recognition/app/ml/data/imgs/Q11716842/image_0264.jpg,Q11716842,0,1.0,4.0
211,/content/Instance_level_recognition/app/ml/data/imgs/Q11716842/image_0265.jpg,Q11716842,0,1.0,4.0
212,/content/Instance_level_recognition/app/ml/data/imgs/Q11716842/image_0266.jpg,Q11716842,0,1.0,4.0
213,/content/Instance_level_recognition/app/ml/data/imgs/Q11716842/image_0268.jpg,Q11716842,0,1.0,4.0
214,/content/Instance_level_recognition/app/ml/data/imgs/Q11716842/image_0269.jpg,Q11716842,0,1.0,4.0
215,/content/Instance_level_recognition/app/ml/data/imgs/Q11716842/image_0270.jpg,Q11716842,0,1.0,4.0
216,/content/Instance_level_recognition/app/ml/data/imgs/Q11716842/image_0272.jpg,Q11716842,0,1.0,4.0
217,/content/Instance_level_recognition/app/ml/data/imgs/Q11716842/image_0274.jpg,Q11716842,0,1.0,4.0
218,/content/Instance_level_recognition/app/ml/data/imgs/Q11716842/image_0275.jpg,Q11716842,0,1.0,4.0
219,/content/Instance_level_recognition/app/ml/data/imgs/Q11716842/image_0277.jpg,Q11716842,0,1.0,4.0
220,/content/Instance_level_recognition/app/ml/data/imgs/Q11716842/image_0278.jpg,Q11716842,0,1.0,4.0
221,/content/Instance_level_recognition/app/ml/data/imgs/Q11716842/image_0279.jpg,Q11716842,0,1.0,4.0
222,/content/Instance_level_recognition/app/ml/data/imgs/Q11716842/image_0280.jpg,Q11716842,0,1.0,4.0
223,/content/Instance_level_recognition/app/ml/data/imgs/Q11716842/image_0281.jpg,Q11716842,0,1.0,4.0
224,/content/Instance_level_recognition/app/ml/data/imgs/Q11716842/image_0282.jpg,Q11716842,0,1.0,4.0
225,/content/Instance_level_recognition/app/ml/data/imgs/Q11716842/image_0283.jpg,Q11716842,0,1.0,4.0
226,/content/Instance_level_recognition/app/ml/data/imgs/Q11716842/image_0284.jpg,Q11716842,0,1.0,4.0
227,/content/Instance_level_recognition/app/ml/data/imgs/Q11716842/image_0285.jpg,Q11716842,0,1.0,4.0
228,/content/Instance_level_recognition/app/ml/data/imgs/Q11716842/image_0287.jpg,Q11716842,0,1.0,4.0
229,/content/Instance_level_recognition/app/ml/data/imgs/Q11716842/image_0288.jpg,Q11716842,0,1.0,4.0
230,/content/Instance_level_recognition/app/ml/data/imgs/Q11716842/image_0290.jpg,Q11716842,0,1.0,4.0
231,/content/Instance_level_recognition/app/ml/data/imgs/Q11716842/image_0291.jpg,Q11716842,0,1.0,4.0
232,/content/Instance_level_recognition/app/ml/data/imgs/Q11716842/image_0292.jpg,Q11716842,0,1.0,4.0
233,/content/Instance_level_recognition/app/ml/data/imgs/Q11716842/image_0293.jpg,Q11716842,0,1.0,4.0
234,/content/Instance_level_recognition/app/ml/data/imgs/Q11716842/image_0294.jpg,Q11716842,0,1.0,4.0
235,/content/Instance_level_recognition/app/ml/data/imgs/Q11716842/image_0295.jpg,Q11716842,0,1.0,4.0
236,/content/Instance_level_recognition/app/ml/data/imgs/Q11716842/image_0296.jpg,Q11716842,0,1.0,4.0
237,/content/Instance_level_recognition/app/ml/data/imgs/Q11716842/image_0298.jpg,Q11716842,0,1.0,4.0
238,/content/Instance_level_recognition/app/ml/data/imgs/Q11716842/image_0299.jpg,Q11716842,0,1.0,4.0
239,/content/Instance_level_recognition/app/ml/data/imgs/Q11716842/image_0300.jpg,Q11716842,0,1.0,4.0
240,/content/Instance_level_recognition/app/ml/data/imgs/Q11716842/image_0301.jpg,Q11716842,0,1.0,4.0
241,/content/Instance_level_recognition/app/ml/data/imgs/Q11716842/image_0303.jpg,Q11716842,0,1.0,4.0
242,/content/Instance_level_recognition/app/ml/data/imgs/Q11716842/image_0304.jpg,Q11716842,0,1.0,4.0
243,/content/Instance_level_recognition/app/ml/data/imgs/Q1742290/image_0000.jpg,Q1742290,1,1.0,0.0
244,/content/Instance_level_recognition/app/ml/data/imgs/Q1742290/image_0001.jpg,Q1742290,1,1.0,1.0
245,/content/Instance_level_recognition/app/ml/data/imgs/Q1742290/image_0002.jpg,Q1742290,1,1.0,3.0
246,/content/Instance_level_recognition/app/ml/data/imgs/Q1742290/image_0004.jpg,Q1742290,1,1.0,4.0
247,/content/Instance_level_recognition/app/ml/data/imgs/Q37510/image_0000.jpg,Q37510,2,1.0,0.0
248,/content/Instance_level_recognition/app/ml/data/imgs/Q37510/image_0001.jpg,Q37510,2,1.0,0.0
249,/content/Instance_level_recognition/app/ml/data/imgs/Q37510/image_0002.jpg,Q37510,2,1.0,1.0
250,/content/Instance_level_recognition/app/ml/data/imgs/Q37510/image_0003.jpg,Q37510,2,1.0,1.0
251,/content/Instance_level_recognition/app/ml/data/imgs/Q37510/image_0004.jpg,Q37510,2,1.0,2.0
252,/content/Instance_level_recognition/app/ml/data/imgs/Q37510/image_0005.jpg,Q37510,2,1.0,2.0
253,/content/Instance_level_recognition/app/ml/data/imgs/Q37510/image_0006.jpg,Q37510,2,1.0,2.0
254,/content/Instance_level_recognition/app/ml/data/imgs/Q37510/image_0007.jpg,Q37510,2,1.0,3.0
255,/content/Instance_level_recognition/app/ml/data/imgs/Q37510/image_0008.jpg,Q37510,2,1.0,3.0
256,/content/Instance_level_recognition/app/ml/data/imgs/Q37510/image_0009.jpg,Q37510,2,1.0,3.0
257,/content/Instance_level_recognition/app/ml/data/imgs/Q37510/image_0011.jpg,Q37510,2,1.0,4.0
258,/content/Instance_level_recognition/app/ml/data/imgs/Q37510/image_0012.jpg,Q37510,2,1.0,4.0
259,/content/Instance_level_recognition/app/ml/data/imgs/Q37510/image_0014.jpg,Q37510,2,1.0,4.0
260,/content/Instance_level_recognition/app/ml/data/imgs/Q37600/image_0000.jpg,Q37600,3,1.0,0.0
261,/content/Instance_level_recognition/app/ml/data/imgs/Q37600/image_0001.jpg,Q37600,3,1.0,0.0
262,/content/Instance_level_recognition/app/ml/data/imgs/Q37600/image_0002.jpg,Q37600,3,1.0,0.0
263,/content/Instance_level_recognition/app/ml/data/imgs/Q37600/image_0003.jpg,Q37600,3,1.0,0.0
264,/content/Instance_level_recognition/app/ml/data/imgs/Q37600/image_0004.jpg,Q37600,3,1.0,0.0
265,/content/Instance_level_recognition/app/ml/data/imgs/Q37600/image_0005.jpg,Q37600,3,1.0,0.0
266,/content/Instance_level_recognition/app/ml/data/imgs/Q37600/image_0007.jpg,Q37600,3,1.0,0.0
267,/content/Instance_level_recognition/app/ml/data/imgs/Q37600/image_0008.jpg,Q37600,3,1.0,0.0
268,/content/Instance_level_recognition/app/ml/data/imgs/Q37600/image_0009.jpg,Q37600,3,1.0,0.0
269,/content/Instance_level_recognition/app/ml/data/imgs/Q37600/image_0010.jpg,Q37600,3,1.0,0.0
270,/content/Instance_level_recognition/app/ml/data/imgs/Q37600/image_0012.jpg,Q37600,3,1.0,0.0
271,/content/Instance_level_recognition/app/ml/data/imgs/Q37600/image_0013.jpg,Q37600,3,1.0,0.0
272,/content/Instance_level_recognition/app/ml/data/imgs/Q37600/image_0015.jpg,Q37600,3,1.0,1.0
273,/content/Instance_level_recognition/app/ml/data/imgs/Q37600/image_0016.jpg,Q37600,3,1.0,1.0
274,/content/Instance_level_recognition/app/ml/data/imgs/Q37600/image_0017.jpg,Q37600,3,1.0,1.0
275,/content/Instance_level_recognition/app/ml/data/imgs/Q37600/image_0018.jpg,Q37600,3,1.0,1.0
276,/content/Instance_level_recognition/app/ml/data/imgs/Q37600/image_0019.jpg,Q37600,3,1.0,1.0
277,/content/Instance_level_recognition/app/ml/data/imgs/Q37600/image_0021.jpg,Q37600,3,1.0,1.0
278,/content/Instance_level_recognition/app/ml/data/imgs/Q37600/image_0023.jpg,Q37600,3,1.0,1.0
279,/content/Instance_level_recognition/app/ml/data/imgs/Q37600/image_0024.jpg,Q37600,3,1.0,1.0
280,/content/Instance_level_recognition/app/ml/data/imgs/Q37600/image_0025.jpg,Q37600,3,1.0,1.0
281,/content/Instance_level_recognition/app/ml/data/imgs/Q37600/image_0026.jpg,Q37600,3,1.0,1.0
282,/content/Instance_level_recognition/app/ml/data/imgs/Q37600/image_0027.jpg,Q37600,3,1.0,1.0
283,/content/Instance_level_recognition/app/ml/data/imgs/Q37600/image_0028.jpg,Q37600,3,1.0,1.0
284,/content/Instance_level_recognition/app/ml/data/imgs/Q37600/image_0030.jpg,Q37600,3,1.0,2.0
285,/content/Instance_level_recognition/app/ml/data/imgs/Q37600/image_0031.jpg,Q37600,3,1.0,2.0
286,/content/Instance_level_recognition/app/ml/data/imgs/Q37600/image_0032.jpg,Q37600,3,1.0,2.0
287,/content/Instance_level_recognition/app/ml/data/imgs/Q37600/image_0034.jpg,Q37600,3,1.0,2.0
288,/content/Instance_level_recognition/app/ml/data/imgs/Q37600/image_0035.jpg,Q37600,3,1.0,2.0
289,/content/Instance_level_recognition/app/ml/data/imgs/Q37600/image_0036.jpg,Q37600,3,1.0,2.0
290,/content/Instance_level_recognition/app/ml/data/imgs/Q37600/image_0037.jpg,Q37600,3,1.0,2.0
291,/content/Instance_level_recognition/app/ml/data/imgs/Q37600/image_0038.jpg,Q37600,3,1.0,2.0
292,/content/Instance_level_recognition/app/ml/data/imgs/Q37600/image_0040.jpg,Q37600,3,1.0,2.0
293,/content/Instance_level_recognition/app/ml/data/imgs/Q37600/image_0041.jpg,Q37600,3,1.0,2.0
294,/content/Instance_level_recognition/app/ml/data/imgs/Q37600/image_0042.jpg,Q37600,3,1.0,2.0
295,/content/Instance_level_recognition/app/ml/data/imgs/Q37600/image_0043.jpg,Q37600,3,1.0,2.0
296,/content/Instance_level_recognition/app/ml/data/imgs/Q37600/image_0045.jpg,Q37600,3,1.0,3.0
297,/content/Instance_level_recognition/app/ml/data/imgs/Q37600/image_0046.jpg,Q37600,3,1.0,3.0
298,/content/Instance_level_recognition/app/ml/data/imgs/Q37600/image_0047.jpg,Q37600,3,1.0,3.0
299,/content/Instance_level_recognition/app/ml/data/imgs/Q37600/image_0048.jpg,Q37600,3,1.0,3.0
300,/content/Instance_level_recognition/app/ml/data/imgs/Q37600/image_0049.jpg,Q37600,3,1.0,3.0
301,/content/Instance_level_recognition/app/ml/data/imgs/Q37600/image_0050.jpg,Q37600,3,1.0,3.0
302,/content/Instance_level_recognition/app/ml/data/imgs/Q37600/image_0051.jpg,Q37600,3,1.0,3.0
303,/content/Instance_level_recognition/app/ml/data/imgs/Q37600/image_0052.jpg,Q37600,3,1.0,3.0
304,/content/Instance_level_recognition/app/ml/data/imgs/Q37600/image_0053.jpg,Q37600,3,1.0,3.0
305,/content/Instance_level_recognition/app/ml/data/imgs/Q37600/image_0055.jpg,Q37600,3,1.0,3.0
306,/content/Instance_level_recognition/app/ml/data/imgs/Q37600/image_0057.jpg,Q37600,3,1.0,3.0
307,/content/Instance_level_recognition/app/ml/data/imgs/Q37600/image_0058.jpg,Q37600,3,1.0,3.0
308,/content/Instance_level_recognition/app/ml/data/imgs/Q37600/image_0060.jpg,Q37600,3,1.0,4.0
309,/content/Instance_level_recognition/app/ml/data/imgs/Q37600/image_0061.jpg,Q37600,3,1.0,4.0
310,/content/Instance_level_recognition/app/ml/data/imgs/Q37600/image_0062.jpg,Q37600,3,1.0,4.0
311,/content/Instance_level_recognition/app/ml/data/imgs/Q37600/image_0065.jpg,Q37600,3,1.0,4.0
312,/content/Instance_level_recognition/app/ml/data/imgs/Q37600/image_0066.jpg,Q37600,3,1.0,4.0
313,/content/Instance_level_recognition/app/ml/data/imgs/Q37600/image_0067.jpg,Q37600,3,1.0,4.0
314,/content/Instance_level_recognition/app/ml/data/imgs/Q37600/image_0068.jpg,Q37600,3,1.0,4.0
315,/content/Instance_level_recognition/app/ml/data/imgs/Q37600/image_0069.jpg,Q37600,3,1.0,4.0
316,/content/Instance_level_recognition/app/ml/data/imgs/Q37600/image_0070.jpg,Q37600,3,1.0,4.0
317,/content/Instance_level_recognition/app/ml/data/imgs/Q37600/image_0071.jpg,Q37600,3,1.0,4.0
318,/content/Instance_level_recognition/app/ml/data/imgs/Q37600/image_0073.jpg,Q37600,3,1.0,4.0
319,/content/Instance_level_recognition/app/ml/data/imgs/Q37600/image_0074.jpg,Q37600,3,1.0,4.0
320,/content/Instance_level_recognition/app/ml/data/imgs/Q37737/image_0000.jpg,Q37737,4,1.0,0.0
321,/content/Instance_level_recognition/app/ml/data/imgs/Q37737/image_0002.jpg,Q37737,4,1.0,0.0
322,/content/Instance_level_recognition/app/ml/data/imgs/Q37737/image_0003.jpg,Q37737,4,1.0,0.0
323,/content/Instance_level_recognition/app/ml/data/imgs/Q37737/image_0004.jpg,Q37737,4,1.0,0.0
324,/content/Instance_level_recognition/app/ml/data/imgs/Q37737/image_0005.jpg,Q37737,4,1.0,1.0
325,/content/Instance_level_recognition/app/ml/data/imgs/Q37737/image_0006.jpg,Q37737,4,1.0,1.0
326,/content/Instance_level_recognition/app/ml/data/imgs/Q37737/image_0007.jpg,Q37737,4,1.0,1.0
327,/content/Instance_level_recognition/app/ml/data/imgs/Q37737/image_0008.jpg,Q37737,4,1.0,1.0
328,/content/Instance_level_recognition/app/ml/data/imgs/Q37737/image_0011.jpg,Q37737,4,1.0,2.0
329,/content/Instance_level_recognition/app/ml/data/imgs/Q37737/image_0013.jpg,Q37737,4,1.0,2.0
330,/content/Instance_level_recognition/app/ml/data/imgs/Q37737/image_0014.jpg,Q37737,4,1.0,2.0
331,/content/Instance_level_recognition/app/ml/data/imgs/Q37737/image_0015.jpg,Q37737,4,1.0,2.0
332,/content/Instance_level_recognition/app/ml/data/imgs/Q37737/image_0017.jpg,Q37737,4,1.0,3.0
333,/content/Instance_level_recognition/app/ml/data/imgs/Q37737/image_0018.jpg,Q37737,4,1.0,3.0
334,/content/Instance_level_recognition/app/ml/data/imgs/Q37737/image_0019.jpg,Q37737,4,1.0,3.0
335,/content/Instance_level_recognition/app/ml/data/imgs/Q37737/image_0020.jpg,Q37737,4,1.0,3.0
336,/content/Instance_level_recognition/app/ml/data/imgs/Q37737/image_0021.jpg,Q37737,4,1.0,4.0
337,/content/Instance_level_recognition/app/ml/data/imgs/Q37737/image_0022.jpg,Q37737,4,1.0,4.0
338,/content/Instance_level_recognition/app/ml/data/imgs/Q37737/image_0023.jpg,Q37737,4,1.0,4.0
339,/content/Instance_level_recognition/app/ml/data/imgs/Q37737/image_0024.jpg,Q37737,4,1.0,4.0
340,/content/Instance_level_recognition/app/ml/data/imgs/Q37934/image_0000.jpg,Q37934,5,1.0,0.0
341,/content/Instance_level_recognition/app/ml/data/imgs/Q37934/image_0001.jpg,Q37934,5,1.0,0.0
342,/content/Instance_level_recognition/app/ml/data/imgs/Q37934/image_0002.jpg,Q37934,5,1.0,0.0
343,/content/Instance_level_recognition/app/ml/data/imgs/Q37934/image_0004.jpg,Q37934,5,1.0,0.0
344,/content/Instance_level_recognition/app/ml/data/imgs/Q37934/image_0005.jpg,Q37934,5,1.0,0.0
345,/content/Instance_level_recognition/app/ml/data/imgs/Q37934/image_0006.jpg,Q37934,5,1.0,0.0
346,/content/Instance_level_recognition/app/ml/data/imgs/Q37934/image_0007.jpg,Q37934,5,1.0,0.0
347,/content/Instance_level_recognition/app/ml/data/imgs/Q37934/image_0009.jpg,Q37934,5,1.0,0.0
348,/content/Instance_level_recognition/app/ml/data/imgs/Q37934/image_0010.jpg,Q37934,5,1.0,0.0
349,/content/Instance_level_recognition/app/ml/data/imgs/Q37934/image_0011.jpg,Q37934,5,1.0,0.0
350,/content/Instance_level_recognition/app/ml/data/imgs/Q37934/image_0012.jpg,Q37934,5,1.0,0.0
351,/content/Instance_level_recognition/app/ml/data/imgs/Q37934/image_0014.jpg,Q37934,5,1.0,1.0
352,/content/Instance_level_recognition/app/ml/data/imgs/Q37934/image_0015.jpg,Q37934,5,1.0,1.0
353,/content/Instance_level_recognition/app/ml/data/imgs/Q37934/image_0016.jpg,Q37934,5,1.0,1.0
354,/content/Instance_level_recognition/app/ml/data/imgs/Q37934/image_0017.jpg,Q37934,5,1.0,1.0
355,/content/Instance_level_recognition/app/ml/data/imgs/Q37934/image_0019.jpg,Q37934,5,1.0,1.0
356,/content/Instance_level_recognition/app/ml/data/imgs/Q37934/image_0020.jpg,Q37934,5,1.0,1.0
357,/content/Instance_level_recognition/app/ml/data/imgs/Q37934/image_0021.jpg,Q37934,5,1.0,1.0
358,/content/Instance_level_recognition/app/ml/data/imgs/Q37934/image_0022.jpg,Q37934,5,1.0,1.0
359,/content/Instance_level_recognition/app/ml/data/imgs/Q37934/image_0023.jpg,Q37934,5,1.0,1.0
360,/content/Instance_level_recognition/app/ml/data/imgs/Q37934/image_0025.jpg,Q37934,5,1.0,1.0
361,/content/Instance_level_recognition/app/ml/data/imgs/Q37934/image_0026.jpg,Q37934,5,1.0,1.0
362,/content/Instance_level_recognition/app/ml/data/imgs/Q37934/image_0027.jpg,Q37934,5,1.0,2.0
363,/content/Instance_level_recognition/app/ml/data/imgs/Q37934/image_0028.jpg,Q37934,5,1.0,2.0
364,/content/Instance_level_recognition/app/ml/data/imgs/Q37934/image_0030.jpg,Q37934,5,1.0,2.0
365,/content/Instance_level_recognition/app/ml/data/imgs/Q37934/image_0031.jpg,Q37934,5,1.0,2.0
366,/content/Instance_level_recognition/app/ml/data/imgs/Q37934/image_0032.jpg,Q37934,5,1.0,2.0
367,/content/Instance_level_recognition/app/ml/data/imgs/Q37934/image_0033.jpg,Q37934,5,1.0,2.0
368,/content/Instance_level_recognition/app/ml/data/imgs/Q37934/image_0035.jpg,Q37934,5,1.0,2.0
369,/content/Instance_level_recognition/app/ml/data/imgs/Q37934/image_0036.jpg,Q37934,5,1.0,2.0
370,/content/Instance_level_recognition/app/ml/data/imgs/Q37934/image_0037.jpg,Q37934,5,1.0,2.0
371,/content/Instance_level_recognition/app/ml/data/imgs/Q37934/image_0038.jpg,Q37934,5,1.0,2.0
372,/content/Instance_level_recognition/app/ml/data/imgs/Q37934/image_0039.jpg,Q37934,5,1.0,2.0
373,/content/Instance_level_recognition/app/ml/data/imgs/Q37934/image_0041.jpg,Q37934,5,1.0,3.0
374,/content/Instance_level_recognition/app/ml/data/imgs/Q37934/image_0043.jpg,Q37934,5,1.0,3.0
375,/content/Instance_level_recognition/app/ml/data/imgs/Q37934/image_0044.jpg,Q37934,5,1.0,3.0
376,/content/Instance_level_recognition/app/ml/data/imgs/Q37934/image_0047.jpg,Q37934,5,1.0,3.0
377,/content/Instance_level_recognition/app/ml/data/imgs/Q37934/image_0048.jpg,Q37934,5,1.0,3.0
378,/content/Instance_level_recognition/app/ml/data/imgs/Q37934/image_0049.jpg,Q37934,5,1.0,3.0
379,/content/Instance_level_recognition/app/ml/data/imgs/Q37934/image_0052.jpg,Q37934,5,1.0,3.0
380,/content/Instance_level_recognition/app/ml/data/imgs/Q37934/image_0053.jpg,Q37934,5,1.0,3.0
381,/content/Instance_level_recognition/app/ml/data/imgs/Q37934/image_0054.jpg,Q37934,5,1.0,3.0
382,/content/Instance_level_recognition/app/ml/data/imgs/Q37934/image_0055.jpg,Q37934,5,1.0,3.0
383,/content/Instance_level_recognition/app/ml/data/imgs/Q37934/image_0056.jpg,Q37934,5,1.0,3.0
384,/content/Instance_level_recognition/app/ml/data/imgs/Q37934/image_0057.jpg,Q37934,5,1.0,4.0
385,/content/Instance_level_recognition/app/ml/data/imgs/Q37934/image_0058.jpg,Q37934,5,1.0,4.0
386,/content/Instance_level_recognition/app/ml/data/imgs/Q37934/image_0059.jpg,Q37934,5,1.0,4.0
387,/content/Instance_level_recognition/app/ml/data/imgs/Q37934/image_0060.jpg,Q37934,5,1.0,4.0
388,/content/Instance_level_recognition/app/ml/data/imgs/Q37934/image_0061.jpg,Q37934,5,1.0,4.0
389,/content/Instance_level_recognition/app/ml/data/imgs/Q37934/image_0062.jpg,Q37934,5,1.0,4.0
390,/content/Instance_level_recognition/app/ml/data/imgs/Q37934/image_0063.jpg,Q37934,5,1.0,4.0
391,/content/Instance_level_recognition/app/ml/data/imgs/Q37934/image_0064.jpg,Q37934,5,1.0,4.0
392,/content/Instance_level_recognition/app/ml/data/imgs/Q37934/image_0066.jpg,Q37934,5,1.0,4.0
393,/content/Instance_level_recognition/app/ml/data/imgs/Q37934/image_0067.jpg,Q37934,5,1.0,4.0
394,/content/Instance_level_recognition/app/ml/data/imgs/Q38115/image_0000.jpg,Q38115,6,1.0,0.0
395,/content/Instance_level_recognition/app/ml/data/imgs/Q38115/image_0001.jpg,Q38115,6,1.0,0.0
396,/content/Instance_level_recognition/app/ml/data/imgs/Q38115/image_0002.jpg,Q38115,6,1.0,0.0
397,/content/Instance_level_recognition/app/ml/data/imgs/Q38115/image_0003.jpg,Q38115,6,1.0,0.0
398,/content/Instance_level_recognition/app/ml/data/imgs/Q38115/image_0004.jpg,Q38115,6,1.0,0.0
399,/content/Instance_level_recognition/app/ml/data/imgs/Q38115/image_0005.jpg,Q38115,6,1.0,0.0
400,/content/Instance_level_recognition/app/ml/data/imgs/Q38115/image_0006.jpg,Q38115,6,1.0,0.0
401,/content/Instance_level_recognition/app/ml/data/imgs/Q38115/image_0007.jpg,Q38115,6,1.0,0.0
402,/content/Instance_level_recognition/app/ml/data/imgs/Q38115/image_0008.jpg,Q38115,6,1.0,0.0
403,/content/Instance_level_recognition/app/ml/data/imgs/Q38115/image_0009.jpg,Q38115,6,1.0,0.0
404,/content/Instance_level_recognition/app/ml/data/imgs/Q38115/image_0010.jpg,Q38115,6,1.0,0.0
405,/content/Instance_level_recognition/app/ml/data/imgs/Q38115/image_0011.jpg,Q38115,6,1.0,0.0
406,/content/Instance_level_recognition/app/ml/data/imgs/Q38115/image_0012.jpg,Q38115,6,1.0,0.0
407,/content/Instance_level_recognition/app/ml/data/imgs/Q38115/image_0013.jpg,Q38115,6,1.0,0.0
408,/content/Instance_level_recognition/app/ml/data/imgs/Q38115/image_0014.jpg,Q38115,6,1.0,0.0
409,/content/Instance_level_recognition/app/ml/data/imgs/Q38115/image_0016.jpg,Q38115,6,1.0,0.0
410,/content/Instance_level_recognition/app/ml/data/imgs/Q38115/image_0017.jpg,Q38115,6,1.0,1.0
411,/content/Instance_level_recognition/app/ml/data/imgs/Q38115/image_0018.jpg,Q38115,6,1.0,1.0
412,/content/Instance_level_recognition/app/ml/data/imgs/Q38115/image_0019.jpg,Q38115,6,1.0,1.0
413,/content/Instance_level_recognition/app/ml/data/imgs/Q38115/image_0020.jpg,Q38115,6,1.0,1.0
414,/content/Instance_level_recognition/app/ml/data/imgs/Q38115/image_0021.jpg,Q38115,6,1.0,1.0
415,/content/Instance_level_recognition/app/ml/data/imgs/Q38115/image_0022.jpg,Q38115,6,1.0,1.0
416,/content/Instance_level_recognition/app/ml/data/imgs/Q38115/image_0023.jpg,Q38115,6,1.0,1.0
417,/content/Instance_level_recognition/app/ml/data/imgs/Q38115/image_0024.jpg,Q38115,6,1.0,1.0
418,/content/Instance_level_recognition/app/ml/data/imgs/Q38115/image_0025.jpg,Q38115,6,1.0,1.0
419,/content/Instance_level_recognition/app/ml/data/imgs/Q38115/image_0026.jpg,Q38115,6,1.0,1.0
420,/content/Instance_level_recognition/app/ml/data/imgs/Q38115/image_0028.jpg,Q38115,6,1.0,1.0
421,/content/Instance_level_recognition/app/ml/data/imgs/Q38115/image_0029.jpg,Q38115,6,1.0,1.0
422,/content/Instance_level_recognition/app/ml/data/imgs/Q38115/image_0030.jpg,Q38115,6,1.0,1.0
423,/content/Instance_level_recognition/app/ml/data/imgs/Q38115/image_0031.jpg,Q38115,6,1.0,1.0
424,/content/Instance_level_recognition/app/ml/data/imgs/Q38115/image_0032.jpg,Q38115,6,1.0,1.0
425,/content/Instance_level_recognition/app/ml/data/imgs/Q38115/image_0033.jpg,Q38115,6,1.0,2.0
426,/content/Instance_level_recognition/app/ml/data/imgs/Q38115/image_0034.jpg,Q38115,6,1.0,2.0
427,/content/Instance_level_recognition/app/ml/data/imgs/Q38115/image_0037.jpg,Q38115,6,1.0,2.0
428,/content/Instance_level_recognition/app/ml/data/imgs/Q38115/image_0039.jpg,Q38115,6,1.0,2.0
429,/content/Instance_level_recognition/app/ml/data/imgs/Q38115/image_0040.jpg,Q38115,6,1.0,2.0
430,/content/Instance_level_recognition/app/ml/data/imgs/Q38115/image_0041.jpg,Q38115,6,1.0,2.0
431,/content/Instance_level_recognition/app/ml/data/imgs/Q38115/image_0042.jpg,Q38115,6,1.0,2.0
432,/content/Instance_level_recognition/app/ml/data/imgs/Q38115/image_0043.jpg,Q38115,6,1.0,2.0
433,/content/Instance_level_recognition/app/ml/data/imgs/Q38115/image_0044.jpg,Q38115,6,1.0,2.0
434,/content/Instance_level_recognition/app/ml/data/imgs/Q38115/image_0045.jpg,Q38115,6,1.0,2.0
435,/content/Instance_level_recognition/app/ml/data/imgs/Q38115/image_0046.jpg,Q38115,6,1.0,2.0
436,/content/Instance_level_recognition/app/ml/data/imgs/Q38115/image_0047.jpg,Q38115,6,1.0,2.0
437,/content/Instance_level_recognition/app/ml/data/imgs/Q38115/image_0048.jpg,Q38115,6,1.0,2.0
438,/content/Instance_level_recognition/app/ml/data/imgs/Q38115/image_0051.jpg,Q38115,6,1.0,2.0
439,/content/Instance_level_recognition/app/ml/data/imgs/Q38115/image_0053.jpg,Q38115,6,1.0,2.0
440,/content/Instance_level_recognition/app/ml/data/imgs/Q38115/image_0056.jpg,Q38115,6,1.0,3.0
441,/content/Instance_level_recognition/app/ml/data/imgs/Q38115/image_0058.jpg,Q38115,6,1.0,3.0
442,/content/Instance_level_recognition/app/ml/data/imgs/Q38115/image_0059.jpg,Q38115,6,1.0,3.0
443,/content/Instance_level_recognition/app/ml/data/imgs/Q38115/image_0060.jpg,Q38115,6,1.0,3.0
444,/content/Instance_level_recognition/app/ml/data/imgs/Q38115/image_0061.jpg,Q38115,6,1.0,3.0
445,/content/Instance_level_recognition/app/ml/data/imgs/Q38115/image_0062.jpg,Q38115,6,1.0,3.0
446,/content/Instance_level_recognition/app/ml/data/imgs/Q38115/image_0063.jpg,Q38115,6,1.0,3.0
447,/content/Instance_level_recognition/app/ml/data/imgs/Q38115/image_0065.jpg,Q38115,6,1.0,3.0
448,/content/Instance_level_recognition/app/ml/data/imgs/Q38115/image_0067.jpg,Q38115,6,1.0,3.0
449,/content/Instance_level_recognition/app/ml/data/imgs/Q38115/image_0068.jpg,Q38115,6,1.0,3.0
450,/content/Instance_level_recognition/app/ml/data/imgs/Q38115/image_0069.jpg,Q38115,6,1.0,3.0
451,/content/Instance_level_recognition/app/ml/data/imgs/Q38115/image_0070.jpg,Q38115,6,1.0,3.0
452,/content/Instance_level_recognition/app/ml/data/imgs/Q38115/image_0071.jpg,Q38115,6,1.0,3.0
453,/content/Instance_level_recognition/app/ml/data/imgs/Q38115/image_0072.jpg,Q38115,6,1.0,3.0
454,/content/Instance_level_recognition/app/ml/data/imgs/Q38115/image_0073.jpg,Q38115,6,1.0,3.0
455,/content/Instance_level_recognition/app/ml/data/imgs/Q38115/image_0074.jpg,Q38115,6,1.0,4.0
456,/content/Instance_level_recognition/app/ml/data/imgs/Q38115/image_0076.jpg,Q38115,6,1.0,4.0
457,/content/Instance_level_recognition/app/ml/data/imgs/Q38115/image_0078.jpg,Q38115,6,1.0,4.0
458,/content/Instance_level_recognition/app/ml/data/imgs/Q38115/image_0080.jpg,Q38115,6,1.0,4.0
459,/content/Instance_level_recognition/app/ml/data/imgs/Q38115/image_0081.jpg,Q38115,6,1.0,4.0
460,/content/Instance_level_recognition/app/ml/data/imgs/Q38115/image_0082.jpg,Q38115,6,1.0,4.0
461,/content/Instance_level_recognition/app/ml/data/imgs/Q38115/image_0084.jpg,Q38115,6,1.0,4.0
462,/content/Instance_level_recognition/app/ml/data/imgs/Q38115/image_0085.jpg,Q38115,6,1.0,4.0
463,/content/Instance_level_recognition/app/ml/data/imgs/Q38115/image_0086.jpg,Q38115,6,1.0,4.0
464,/content/Instance_level_recognition/app/ml/data/imgs/Q38115/image_0087.jpg,Q38115,6,1.0,4.0
465,/content/Instance_level_recognition/app/ml/data/imgs/Q38115/image_0089.jpg,Q38115,6,1.0,4.0
466,/content/Instance_level_recognition/app/ml/data/imgs/Q38115/image_0090.jpg,Q38115,6,1.0,4.0
467,/content/Instance_level_recognition/app/ml/data/imgs/Q38115/image_0091.jpg,Q38115,6,1.0,4.0
468,/content/Instance_level_recognition/app/ml/data/imgs/Q38115/image_0092.jpg,Q38115,6,1.0,4.0
469,/content/Instance_level_recognition/app/ml/data/imgs/Q38115/image_0093.jpg,Q38115,6,1.0,4.0
470,/content/Instance_level_recognition/app/ml/data/imgs/Q38115/image_0095.jpg,Q38115,6,1.0,4.0
471,/content/Instance_level_recognition/app/ml/data/imgs/Q38634/image_0000.jpg,Q38634,7,1.0,0.0
472,/content/Instance_level_recognition/app/ml/data/imgs/Q38634/image_0001.jpg,Q38634,7,1.0,0.0
473,/content/Instance_level_recognition/app/ml/data/imgs/Q38634/image_0002.jpg,Q38634,7,1.0,0.0
474,/content/Instance_level_recognition/app/ml/data/imgs/Q38634/image_0004.jpg,Q38634,7,1.0,0.0
475,/content/Instance_level_recognition/app/ml/data/imgs/Q38634/image_0005.jpg,Q38634,7,1.0,0.0
476,/content/Instance_level_recognition/app/ml/data/imgs/Q38634/image_0006.jpg,Q38634,7,1.0,1.0
477,/content/Instance_level_recognition/app/ml/data/imgs/Q38634/image_0007.jpg,Q38634,7,1.0,1.0
478,/content/Instance_level_recognition/app/ml/data/imgs/Q38634/image_0009.jpg,Q38634,7,1.0,1.0
479,/content/Instance_level_recognition/app/ml/data/imgs/Q38634/image_0010.jpg,Q38634,7,1.0,1.0
480,/content/Instance_level_recognition/app/ml/data/imgs/Q38634/image_0011.jpg,Q38634,7,1.0,1.0
481,/content/Instance_level_recognition/app/ml/data/imgs/Q38634/image_0013.jpg,Q38634,7,1.0,1.0
482,/content/Instance_level_recognition/app/ml/data/imgs/Q38634/image_0014.jpg,Q38634,7,1.0,2.0
483,/content/Instance_level_recognition/app/ml/data/imgs/Q38634/image_0015.jpg,Q38634,7,1.0,2.0
484,/content/Instance_level_recognition/app/ml/data/imgs/Q38634/image_0017.jpg,Q38634,7,1.0,2.0
485,/content/Instance_level_recognition/app/ml/data/imgs/Q38634/image_0019.jpg,Q38634,7,1.0,2.0
486,/content/Instance_level_recognition/app/ml/data/imgs/Q38634/image_0020.jpg,Q38634,7,1.0,2.0
487,/content/Instance_level_recognition/app/ml/data/imgs/Q38634/image_0021.jpg,Q38634,7,1.0,2.0
488,/content/Instance_level_recognition/app/ml/data/imgs/Q38634/image_0022.jpg,Q38634,7,1.0,3.0
489,/content/Instance_level_recognition/app/ml/data/imgs/Q38634/image_0023.jpg,Q38634,7,1.0,3.0
490,/content/Instance_level_recognition/app/ml/data/imgs/Q38634/image_0024.jpg,Q38634,7,1.0,3.0
491,/content/Instance_level_recognition/app/ml/data/imgs/Q38634/image_0026.jpg,Q38634,7,1.0,3.0
492,/content/Instance_level_recognition/app/ml/data/imgs/Q38634/image_0027.jpg,Q38634,7,1.0,3.0
493,/content/Instance_level_recognition/app/ml/data/imgs/Q38634/image_0028.jpg,Q38634,7,1.0,3.0
494,/content/Instance_level_recognition/app/ml/data/imgs/Q38634/image_0029.jpg,Q38634,7,1.0,4.0
495,/content/Instance_level_recognition/app/ml/data/imgs/Q38634/image_0030.jpg,Q38634,7,1.0,4.0
496,/content/Instance_level_recognition/app/ml/data/imgs/Q38634/image_0032.jpg,Q38634,7,1.0,4.0
497,/content/Instance_level_recognition/app/ml/data/imgs/Q38634/image_0033.jpg,Q38634,7,1.0,4.0
498,/content/Instance_level_recognition/app/ml/data/imgs/Q38634/image_0034.jpg,Q38634,7,1.0,4.0
499,/content/Instance_level_recognition/app/ml/data/imgs/Q38975/image_0000.jpg,Q38975,8,1.0,0.0
500,/content/Instance_level_recognition/app/ml/data/imgs/Q38975/image_0001.jpg,Q38975,8,1.0,1.0
501,/content/Instance_level_recognition/app/ml/data/imgs/Q38975/image_0002.jpg,Q38975,8,1.0,2.0
502,/content/Instance_level_recognition/app/ml/data/imgs/Q38975/image_0003.jpg,Q38975,8,1.0,3.0
503,/content/Instance_level_recognition/app/ml/data/imgs/Q38975/image_0005.jpg,Q38975,8,1.0,4.0
504,/content/Instance_level_recognition/app/ml/data/imgs/Q39280/image_0002.jpg,Q39280,9,1.0,0.0
505,/content/Instance_level_recognition/app/ml/data/imgs/Q39280/image_0003.jpg,Q39280,9,1.0,0.0
506,/content/Instance_level_recognition/app/ml/data/imgs/Q39280/image_0004.jpg,Q39280,9,1.0,0.0
507,/content/Instance_level_recognition/app/ml/data/imgs/Q39280/image_0005.jpg,Q39280,9,1.0,1.0
508,/content/Instance_level_recognition/app/ml/data/imgs/Q39280/image_0006.jpg,Q39280,9,1.0,1.0
509,/content/Instance_level_recognition/app/ml/data/imgs/Q39280/image_0007.jpg,Q39280,9,1.0,2.0
510,/content/Instance_level_recognition/app/ml/data/imgs/Q39280/image_0008.jpg,Q39280,9,1.0,2.0
511,/content/Instance_level_recognition/app/ml/data/imgs/Q39280/image_0009.jpg,Q39280,9,1.0,3.0
512,/content/Instance_level_recognition/app/ml/data/imgs/Q39280/image_0010.jpg,Q39280,9,1.0,3.0
513,/content/Instance_level_recognition/app/ml/data/imgs/Q39280/image_0012.jpg,Q39280,9,1.0,4.0
514,/content/Instance_level_recognition/app/ml/data/imgs/Q39280/image_0013.jpg,Q39280,9,1.0,4.0
515,/content/Instance_level_recognition/app/ml/data/imgs/Q39280/image_0014.jpg,Q39280,9,1.0,4.0
